{"cameraMode":{"drawMode":0,"name":"Shaded","section":"Shading Mode"},"sceneLighting":true,"audioPlay":false,"sceneViewState":{"showFog":true,"showMaterialUpdate":false,"showSkybox":true,"showFlares":true,"showImageEffects":true,"showParticleSystems":true},"in2DMode":false,"pivot":{"x":-0.03886723518371582,"y":-1.4708912372589112,"z":-0.3462963104248047},"rotation":{"x":-0.18011163175106049,"y":-0.08634305745363236,"z":0.015874335542321206,"w":-0.9797234535217285},"size":18.777469635009767,"orthographic":false}