{"cameraMode":{"drawMode":0,"name":"Shaded","section":"Shading Mode"},"sceneLighting":true,"audioPlay":false,"sceneViewState":{"showFog":true,"showMaterialUpdate":false,"showSkybox":true,"showFlares":true,"showImageEffects":true,"showParticleSystems":true},"in2DMode":false,"pivot":{"x":0.29034626483917239,"y":-0.03183412551879883,"z":0.11143684387207031},"rotation":{"x":-0.16887246072292329,"y":0.037540167570114139,"z":-0.0064359200187027458,"w":-0.9849054217338562},"size":15.567336082458496,"orthographic":false}