{"cameraMode":{"drawMode":0,"name":"Shaded","section":"Shading Mode"},"sceneLighting":true,"audioPlay":false,"sceneViewState":{"showFog":true,"showMaterialUpdate":false,"showSkybox":true,"showFlares":true,"showImageEffects":true,"showParticleSystems":true},"in2DMode":false,"pivot":{"x":-7.311826705932617,"y":53.293434143066409,"z":80.67923736572266},"rotation":{"x":-0.31746619939804079,"y":-0.08179699629545212,"z":0.02749968320131302,"w":-0.9443377256393433},"size":167.5377655029297,"orthographic":false}