{"cameraMode":{"drawMode":0,"name":"Shaded","section":"Shading Mode"},"sceneLighting":true,"audioPlay":false,"sceneViewState":{"showFog":true,"showMaterialUpdate":false,"showSkybox":true,"showFlares":true,"showImageEffects":true,"showParticleSystems":true},"in2DMode":false,"pivot":{"x":-1.075947880744934,"y":0.32938241958618166,"z":1.0546464920043946},"rotation":{"x":-0.22750361263751985,"y":-0.04905705899000168,"z":0.011477830819785595,"w":-0.9724776744842529},"size":15.771902084350586,"orthographic":false}