{"cameraMode":{"drawMode":0,"name":"Shaded","section":"Shading Mode"},"sceneLighting":true,"audioPlay":false,"sceneViewState":{"showFog":true,"showMaterialUpdate":false,"showSkybox":true,"showFlares":true,"showImageEffects":true,"showParticleSystems":true},"in2DMode":false,"pivot":{"x":30.605382919311525,"y":10.153064727783204,"z":154.74571228027345},"rotation":{"x":-0.2488802671432495,"y":0.27606064081192019,"z":-0.07464219629764557,"w":-0.9255015254020691},"size":38.965415954589847,"orthographic":false}